-- phpMyAdmin SQL Dump
-- version 4.0.10.7
-- http://www.phpmyadmin.net
--
-- Host: localhost:3306
-- Generation Time: Jan 25, 2016 at 07:41 PM
-- Server version: 5.5.47-cll
-- PHP Version: 5.4.31

SET SQL_MODE = "NO_AUTO_VALUE_ON_ZERO";
SET time_zone = "+00:00";


/*!40101 SET @OLD_CHARACTER_SET_CLIENT=@@CHARACTER_SET_CLIENT */;
/*!40101 SET @OLD_CHARACTER_SET_RESULTS=@@CHARACTER_SET_RESULTS */;
/*!40101 SET @OLD_COLLATION_CONNECTION=@@COLLATION_CONNECTION */;
/*!40101 SET NAMES utf8 */;

--
-- Database: `biswaupr_mobilityrequirements`
--

-- --------------------------------------------------------

--
-- Table structure for table `context_ratings`
--

CREATE TABLE IF NOT EXISTS `context_ratings` (
  `id` int(10) unsigned NOT NULL AUTO_INCREMENT,
  `context_id` int(10) unsigned NOT NULL,
  `user_id` int(10) unsigned NOT NULL,
  `rating` int(10) unsigned NOT NULL,
  `created_at` timestamp NOT NULL DEFAULT '0000-00-00 00:00:00',
  `updated_at` timestamp NOT NULL DEFAULT '0000-00-00 00:00:00',
  PRIMARY KEY (`id`),
  KEY `context_ratings_context_id_foreign` (`context_id`),
  KEY `context_ratings_user_id_foreign` (`user_id`)
) ENGINE=InnoDB  DEFAULT CHARSET=utf8 COLLATE=utf8_unicode_ci AUTO_INCREMENT=124 ;

--
-- Dumping data for table `context_ratings`
--

INSERT INTO `context_ratings` (`id`, `context_id`, `user_id`, `rating`, `created_at`, `updated_at`) VALUES
(57, 55, 1, 5, '0000-00-00 00:00:00', '0000-00-00 00:00:00'),
(58, 56, 1, 2, '0000-00-00 00:00:00', '0000-00-00 00:00:00'),
(59, 57, 1, 3, '0000-00-00 00:00:00', '0000-00-00 00:00:00'),
(60, 58, 1, 4, '0000-00-00 00:00:00', '0000-00-00 00:00:00'),
(61, 59, 1, 2, '0000-00-00 00:00:00', '0000-00-00 00:00:00'),
(62, 60, 1, 3, '0000-00-00 00:00:00', '0000-00-00 00:00:00'),
(63, 61, 1, 5, '0000-00-00 00:00:00', '0000-00-00 00:00:00'),
(64, 55, 12, 3, '0000-00-00 00:00:00', '0000-00-00 00:00:00'),
(65, 56, 12, 5, '0000-00-00 00:00:00', '0000-00-00 00:00:00'),
(66, 57, 12, 3, '0000-00-00 00:00:00', '0000-00-00 00:00:00'),
(67, 58, 12, 5, '0000-00-00 00:00:00', '0000-00-00 00:00:00'),
(68, 59, 12, 2, '0000-00-00 00:00:00', '0000-00-00 00:00:00'),
(69, 60, 12, 1, '0000-00-00 00:00:00', '0000-00-00 00:00:00'),
(70, 61, 12, 2, '0000-00-00 00:00:00', '0000-00-00 00:00:00'),
(71, 55, 11, 4, '0000-00-00 00:00:00', '0000-00-00 00:00:00'),
(72, 56, 11, 3, '0000-00-00 00:00:00', '0000-00-00 00:00:00'),
(73, 57, 11, 4, '0000-00-00 00:00:00', '0000-00-00 00:00:00'),
(74, 58, 11, 2, '0000-00-00 00:00:00', '0000-00-00 00:00:00'),
(75, 59, 11, 5, '0000-00-00 00:00:00', '0000-00-00 00:00:00'),
(76, 60, 11, 2, '0000-00-00 00:00:00', '0000-00-00 00:00:00'),
(77, 61, 11, 3, '0000-00-00 00:00:00', '0000-00-00 00:00:00'),
(78, 140, 15, 4, '0000-00-00 00:00:00', '0000-00-00 00:00:00'),
(79, 139, 15, 4, '0000-00-00 00:00:00', '0000-00-00 00:00:00'),
(80, 151, 14, 3, '0000-00-00 00:00:00', '0000-00-00 00:00:00'),
(81, 152, 14, 5, '0000-00-00 00:00:00', '0000-00-00 00:00:00'),
(82, 153, 14, 3, '0000-00-00 00:00:00', '0000-00-00 00:00:00'),
(83, 154, 14, 2, '0000-00-00 00:00:00', '0000-00-00 00:00:00'),
(84, 155, 14, 4, '0000-00-00 00:00:00', '0000-00-00 00:00:00'),
(85, 156, 14, 2, '0000-00-00 00:00:00', '0000-00-00 00:00:00'),
(86, 157, 14, 5, '0000-00-00 00:00:00', '0000-00-00 00:00:00'),
(87, 158, 14, 3, '0000-00-00 00:00:00', '0000-00-00 00:00:00'),
(88, 139, 14, 5, '0000-00-00 00:00:00', '0000-00-00 00:00:00'),
(89, 140, 14, 3, '0000-00-00 00:00:00', '0000-00-00 00:00:00'),
(90, 141, 14, 5, '0000-00-00 00:00:00', '0000-00-00 00:00:00'),
(91, 142, 14, 3, '0000-00-00 00:00:00', '0000-00-00 00:00:00'),
(92, 143, 14, 5, '0000-00-00 00:00:00', '0000-00-00 00:00:00'),
(98, 175, 14, 5, '0000-00-00 00:00:00', '0000-00-00 00:00:00'),
(99, 187, 14, 4, '0000-00-00 00:00:00', '0000-00-00 00:00:00'),
(100, 188, 14, 2, '0000-00-00 00:00:00', '0000-00-00 00:00:00'),
(101, 189, 14, 4, '0000-00-00 00:00:00', '0000-00-00 00:00:00'),
(102, 190, 14, 5, '0000-00-00 00:00:00', '0000-00-00 00:00:00'),
(103, 191, 14, 5, '0000-00-00 00:00:00', '0000-00-00 00:00:00'),
(104, 192, 14, 3, '0000-00-00 00:00:00', '0000-00-00 00:00:00'),
(105, 235, 19, 1, '0000-00-00 00:00:00', '0000-00-00 00:00:00'),
(106, 236, 19, 1, '0000-00-00 00:00:00', '0000-00-00 00:00:00'),
(107, 237, 19, 1, '0000-00-00 00:00:00', '2016-01-18 02:25:48'),
(108, 238, 19, 5, '0000-00-00 00:00:00', '0000-00-00 00:00:00'),
(109, 235, 12, 4, '0000-00-00 00:00:00', '0000-00-00 00:00:00'),
(110, 236, 12, 4, '0000-00-00 00:00:00', '0000-00-00 00:00:00'),
(111, 237, 12, 4, '0000-00-00 00:00:00', '0000-00-00 00:00:00'),
(112, 238, 12, 4, '0000-00-00 00:00:00', '0000-00-00 00:00:00'),
(113, 239, 12, 1, '0000-00-00 00:00:00', '0000-00-00 00:00:00'),
(114, 240, 12, 2, '0000-00-00 00:00:00', '0000-00-00 00:00:00'),
(115, 241, 12, 3, '0000-00-00 00:00:00', '0000-00-00 00:00:00'),
(116, 242, 12, 4, '0000-00-00 00:00:00', '0000-00-00 00:00:00'),
(117, 243, 12, 4, '0000-00-00 00:00:00', '0000-00-00 00:00:00'),
(118, 244, 12, 1, '0000-00-00 00:00:00', '0000-00-00 00:00:00'),
(119, 245, 12, 3, '0000-00-00 00:00:00', '0000-00-00 00:00:00'),
(120, 246, 12, 3, '0000-00-00 00:00:00', '0000-00-00 00:00:00'),
(121, 235, 14, 3, '0000-00-00 00:00:00', '0000-00-00 00:00:00'),
(122, 236, 14, 5, '0000-00-00 00:00:00', '0000-00-00 00:00:00'),
(123, 237, 14, 2, '0000-00-00 00:00:00', '0000-00-00 00:00:00');

-- --------------------------------------------------------

--
-- Table structure for table `context_scenario_ideal_way`
--

CREATE TABLE IF NOT EXISTS `context_scenario_ideal_way` (
  `id` int(10) unsigned NOT NULL AUTO_INCREMENT,
  `context_name` varchar(255) COLLATE utf8_unicode_ci NOT NULL,
  `typical_scenario` varchar(255) COLLATE utf8_unicode_ci NOT NULL,
  `accompanying` tinyint(1) NOT NULL,
  `intermittent` tinyint(1) NOT NULL,
  `interrupting` tinyint(1) NOT NULL,
  `created_at` timestamp NOT NULL DEFAULT '0000-00-00 00:00:00',
  `updated_at` timestamp NOT NULL DEFAULT '0000-00-00 00:00:00',
  PRIMARY KEY (`id`)
) ENGINE=InnoDB  DEFAULT CHARSET=utf8 COLLATE=utf8_unicode_ci AUTO_INCREMENT=13 ;

--
-- Dumping data for table `context_scenario_ideal_way`
--

INSERT INTO `context_scenario_ideal_way` (`id`, `context_name`, `typical_scenario`, `accompanying`, `intermittent`, `interrupting`, `created_at`, `updated_at`) VALUES
(1, 'VCI', 'In a conference giving presentation', 1, 0, 0, '0000-00-00 00:00:00', '0000-00-00 00:00:00'),
(2, 'VCA', 'In a lecture listening', 0, 1, 0, '0000-00-00 00:00:00', '0000-00-00 00:00:00'),
(3, 'VEI', 'In a cafe working on assignments with close deadline', 1, 1, 0, '0000-00-00 00:00:00', '0000-00-00 00:00:00'),
(4, 'VEA', 'At home idle', 0, 0, 1, '0000-00-00 00:00:00', '0000-00-00 00:00:00'),
(5, 'TCI', 'In a car driving with time limit', 1, 0, 0, '0000-00-00 00:00:00', '0000-00-00 00:00:00'),
(6, 'TCA', 'In a car driving and sight seeing', 1, 1, 0, '0000-00-00 00:00:00', '0000-00-00 00:00:00'),
(7, 'TEI', 'In a train when it is about to arrive at the destination', 1, 1, 0, '0000-00-00 00:00:00', '0000-00-00 00:00:00'),
(8, 'TEA', 'In a train idle', 1, 0, 1, '0000-00-00 00:00:00', '0000-00-00 00:00:00'),
(9, 'WCI', 'Running in a race', 1, 0, 0, '0000-00-00 00:00:00', '0000-00-00 00:00:00'),
(10, 'WCA', 'Wondering in a cocktail party as a host', 0, 1, 0, '0000-00-00 00:00:00', '0000-00-00 00:00:00'),
(11, 'WEI', 'Running to catch a bus', 1, 0, 0, '0000-00-00 00:00:00', '0000-00-00 00:00:00'),
(12, 'WEA', 'Walking in a park relaxing', 1, 1, 0, '0000-00-00 00:00:00', '0000-00-00 00:00:00');

-- --------------------------------------------------------

--
-- Table structure for table `context_scenario_user_app_interaction`
--

CREATE TABLE IF NOT EXISTS `context_scenario_user_app_interaction` (
  `id` int(10) unsigned NOT NULL AUTO_INCREMENT,
  `requirement_id` int(10) unsigned NOT NULL,
  `user_id` int(10) unsigned NOT NULL,
  `context_id` int(10) unsigned NOT NULL,
  `scenario` varchar(255) COLLATE utf8_unicode_ci NOT NULL,
  `accompanying` tinyint(1) NOT NULL,
  `intermittent` tinyint(1) NOT NULL,
  `interrupting` tinyint(1) NOT NULL,
  `remarks` text COLLATE utf8_unicode_ci NOT NULL,
  `created_at` timestamp NOT NULL DEFAULT '0000-00-00 00:00:00',
  `updated_at` timestamp NOT NULL DEFAULT '0000-00-00 00:00:00',
  PRIMARY KEY (`id`),
  KEY `context_scenario_user_app_interaction_requirement_id_foreign` (`requirement_id`),
  KEY `context_scenario_user_app_interaction_user_id_foreign` (`user_id`),
  KEY `context_scenario_user_app_interaction_context_id_foreign` (`context_id`)
) ENGINE=InnoDB  DEFAULT CHARSET=utf8 COLLATE=utf8_unicode_ci AUTO_INCREMENT=247 ;

--
-- Dumping data for table `context_scenario_user_app_interaction`
--

INSERT INTO `context_scenario_user_app_interaction` (`id`, `requirement_id`, `user_id`, `context_id`, `scenario`, `accompanying`, `intermittent`, `interrupting`, `remarks`, `created_at`, `updated_at`) VALUES
(55, 16, 1, 1, 'In a conference giving presentation	', 1, 0, 0, '', '0000-00-00 00:00:00', '2016-01-06 17:48:28'),
(56, 16, 1, 2, 'In a lecture listening	', 0, 1, 0, '', '0000-00-00 00:00:00', '2016-01-06 17:48:40'),
(57, 16, 1, 3, 'In a cafe working on assignments with close deadline	', 1, 1, 0, '', '0000-00-00 00:00:00', '2016-01-06 17:48:53'),
(58, 16, 1, 4, 'At home idle	', 0, 0, 1, 'Add a new requirement to resolve this conflict!', '0000-00-00 00:00:00', '2016-01-11 14:30:08'),
(59, 16, 1, 5, 'In a car driving with time limit	', 1, 0, 0, '', '0000-00-00 00:00:00', '2016-01-06 17:49:18'),
(60, 16, 1, 6, 'In a car driving and sight seeing	', 1, 1, 0, '', '0000-00-00 00:00:00', '2016-01-06 17:49:34'),
(61, 16, 1, 7, 'In a train when it is about to arrive at the destination	', 1, 1, 0, '', '0000-00-00 00:00:00', '2016-01-06 17:49:47'),
(62, 16, 1, 8, '', 1, 0, 1, 'Since this context is not voted by user, this conflict can be ignored.', '0000-00-00 00:00:00', '2016-01-11 14:30:46'),
(63, 16, 1, 9, '', 1, 0, 0, '', '0000-00-00 00:00:00', '0000-00-00 00:00:00'),
(64, 16, 1, 10, '', 0, 1, 0, '', '0000-00-00 00:00:00', '0000-00-00 00:00:00'),
(65, 16, 1, 11, '', 1, 0, 0, '', '0000-00-00 00:00:00', '0000-00-00 00:00:00'),
(66, 16, 1, 12, '', 1, 1, 0, '', '0000-00-00 00:00:00', '0000-00-00 00:00:00'),
(67, 17, 14, 1, '', 1, 0, 0, '', '0000-00-00 00:00:00', '0000-00-00 00:00:00'),
(68, 17, 14, 2, '', 0, 1, 0, '', '0000-00-00 00:00:00', '0000-00-00 00:00:00'),
(69, 17, 14, 3, '', 1, 1, 0, '', '0000-00-00 00:00:00', '0000-00-00 00:00:00'),
(70, 17, 14, 4, '', 0, 0, 1, '', '0000-00-00 00:00:00', '0000-00-00 00:00:00'),
(71, 17, 14, 5, '', 1, 0, 0, '', '0000-00-00 00:00:00', '0000-00-00 00:00:00'),
(72, 17, 14, 6, '', 1, 1, 0, '', '0000-00-00 00:00:00', '0000-00-00 00:00:00'),
(73, 17, 14, 7, '', 1, 1, 0, '', '0000-00-00 00:00:00', '0000-00-00 00:00:00'),
(74, 17, 14, 8, '', 1, 0, 1, '', '0000-00-00 00:00:00', '0000-00-00 00:00:00'),
(75, 17, 14, 9, '', 1, 0, 0, '', '0000-00-00 00:00:00', '0000-00-00 00:00:00'),
(76, 17, 14, 10, '', 0, 1, 0, '', '0000-00-00 00:00:00', '0000-00-00 00:00:00'),
(77, 17, 14, 11, '', 1, 0, 0, '', '0000-00-00 00:00:00', '0000-00-00 00:00:00'),
(78, 17, 14, 12, '', 1, 1, 0, '', '0000-00-00 00:00:00', '0000-00-00 00:00:00'),
(79, 18, 14, 1, '', 1, 0, 0, '', '0000-00-00 00:00:00', '0000-00-00 00:00:00'),
(80, 18, 14, 2, '', 0, 1, 0, '', '0000-00-00 00:00:00', '0000-00-00 00:00:00'),
(81, 18, 14, 3, '', 1, 1, 0, '', '0000-00-00 00:00:00', '0000-00-00 00:00:00'),
(82, 18, 14, 4, '', 0, 0, 1, '', '0000-00-00 00:00:00', '0000-00-00 00:00:00'),
(83, 18, 14, 5, '', 1, 0, 0, '', '0000-00-00 00:00:00', '0000-00-00 00:00:00'),
(84, 18, 14, 6, '', 1, 1, 0, '', '0000-00-00 00:00:00', '0000-00-00 00:00:00'),
(85, 18, 14, 7, '', 1, 1, 0, '', '0000-00-00 00:00:00', '0000-00-00 00:00:00'),
(86, 18, 14, 8, '', 1, 0, 1, '', '0000-00-00 00:00:00', '0000-00-00 00:00:00'),
(87, 18, 14, 9, '', 1, 0, 0, '', '0000-00-00 00:00:00', '0000-00-00 00:00:00'),
(88, 18, 14, 10, '', 0, 1, 0, '', '0000-00-00 00:00:00', '0000-00-00 00:00:00'),
(89, 18, 14, 11, '', 1, 0, 0, '', '0000-00-00 00:00:00', '0000-00-00 00:00:00'),
(90, 18, 14, 12, '', 1, 1, 0, '', '0000-00-00 00:00:00', '0000-00-00 00:00:00'),
(91, 19, 14, 1, '', 1, 0, 0, '', '0000-00-00 00:00:00', '0000-00-00 00:00:00'),
(92, 19, 14, 2, '', 0, 1, 0, '', '0000-00-00 00:00:00', '0000-00-00 00:00:00'),
(93, 19, 14, 3, '', 1, 1, 0, '', '0000-00-00 00:00:00', '0000-00-00 00:00:00'),
(94, 19, 14, 4, '', 0, 0, 1, '', '0000-00-00 00:00:00', '0000-00-00 00:00:00'),
(95, 19, 14, 5, '', 1, 0, 0, '', '0000-00-00 00:00:00', '0000-00-00 00:00:00'),
(96, 19, 14, 6, '', 1, 1, 0, '', '0000-00-00 00:00:00', '0000-00-00 00:00:00'),
(97, 19, 14, 7, '', 1, 1, 0, '', '0000-00-00 00:00:00', '0000-00-00 00:00:00'),
(98, 19, 14, 8, '', 1, 0, 1, '', '0000-00-00 00:00:00', '0000-00-00 00:00:00'),
(99, 19, 14, 9, '', 1, 0, 0, '', '0000-00-00 00:00:00', '0000-00-00 00:00:00'),
(100, 19, 14, 10, '', 0, 1, 0, '', '0000-00-00 00:00:00', '0000-00-00 00:00:00'),
(101, 19, 14, 11, '', 1, 0, 0, '', '0000-00-00 00:00:00', '0000-00-00 00:00:00'),
(102, 19, 14, 12, '', 1, 1, 0, '', '0000-00-00 00:00:00', '0000-00-00 00:00:00'),
(103, 20, 14, 1, '', 1, 0, 0, '', '0000-00-00 00:00:00', '0000-00-00 00:00:00'),
(104, 20, 14, 2, '', 0, 1, 0, '', '0000-00-00 00:00:00', '0000-00-00 00:00:00'),
(105, 20, 14, 3, '', 1, 1, 0, '', '0000-00-00 00:00:00', '0000-00-00 00:00:00'),
(106, 20, 14, 4, '', 0, 0, 1, '', '0000-00-00 00:00:00', '0000-00-00 00:00:00'),
(107, 20, 14, 5, '', 1, 0, 0, '', '0000-00-00 00:00:00', '0000-00-00 00:00:00'),
(108, 20, 14, 6, '', 1, 1, 0, '', '0000-00-00 00:00:00', '0000-00-00 00:00:00'),
(109, 20, 14, 7, '', 1, 1, 0, '', '0000-00-00 00:00:00', '0000-00-00 00:00:00'),
(110, 20, 14, 8, '', 1, 0, 1, '', '0000-00-00 00:00:00', '0000-00-00 00:00:00'),
(111, 20, 14, 9, '', 1, 0, 0, '', '0000-00-00 00:00:00', '0000-00-00 00:00:00'),
(112, 20, 14, 10, '', 0, 1, 0, '', '0000-00-00 00:00:00', '0000-00-00 00:00:00'),
(113, 20, 14, 11, '', 1, 0, 0, '', '0000-00-00 00:00:00', '0000-00-00 00:00:00'),
(114, 20, 14, 12, '', 1, 1, 0, '', '0000-00-00 00:00:00', '0000-00-00 00:00:00'),
(115, 21, 14, 1, '', 1, 0, 0, '', '0000-00-00 00:00:00', '0000-00-00 00:00:00'),
(116, 21, 14, 2, '', 0, 1, 0, '', '0000-00-00 00:00:00', '0000-00-00 00:00:00'),
(117, 21, 14, 3, '', 1, 1, 0, '', '0000-00-00 00:00:00', '0000-00-00 00:00:00'),
(118, 21, 14, 4, '', 0, 0, 1, '', '0000-00-00 00:00:00', '0000-00-00 00:00:00'),
(119, 21, 14, 5, '', 1, 0, 0, '', '0000-00-00 00:00:00', '0000-00-00 00:00:00'),
(120, 21, 14, 6, '', 1, 1, 0, '', '0000-00-00 00:00:00', '0000-00-00 00:00:00'),
(121, 21, 14, 7, '', 1, 1, 0, '', '0000-00-00 00:00:00', '0000-00-00 00:00:00'),
(122, 21, 14, 8, '', 1, 0, 1, '', '0000-00-00 00:00:00', '0000-00-00 00:00:00'),
(123, 21, 14, 9, '', 1, 0, 0, '', '0000-00-00 00:00:00', '0000-00-00 00:00:00'),
(124, 21, 14, 10, '', 0, 1, 0, '', '0000-00-00 00:00:00', '0000-00-00 00:00:00'),
(125, 21, 14, 11, '', 1, 0, 0, '', '0000-00-00 00:00:00', '0000-00-00 00:00:00'),
(126, 21, 14, 12, '', 1, 1, 0, '', '0000-00-00 00:00:00', '0000-00-00 00:00:00'),
(127, 22, 14, 1, '', 1, 0, 0, '', '0000-00-00 00:00:00', '0000-00-00 00:00:00'),
(128, 22, 14, 2, '', 0, 1, 0, '', '0000-00-00 00:00:00', '0000-00-00 00:00:00'),
(129, 22, 14, 3, '', 1, 1, 0, '', '0000-00-00 00:00:00', '0000-00-00 00:00:00'),
(130, 22, 14, 4, '', 0, 0, 1, '', '0000-00-00 00:00:00', '0000-00-00 00:00:00'),
(131, 22, 14, 5, '', 1, 0, 0, '', '0000-00-00 00:00:00', '0000-00-00 00:00:00'),
(132, 22, 14, 6, '', 1, 1, 0, '', '0000-00-00 00:00:00', '0000-00-00 00:00:00'),
(133, 22, 14, 7, '', 1, 1, 0, '', '0000-00-00 00:00:00', '0000-00-00 00:00:00'),
(134, 22, 14, 8, '', 1, 0, 1, '', '0000-00-00 00:00:00', '0000-00-00 00:00:00'),
(135, 22, 14, 9, '', 1, 0, 0, '', '0000-00-00 00:00:00', '0000-00-00 00:00:00'),
(136, 22, 14, 10, '', 0, 1, 0, '', '0000-00-00 00:00:00', '0000-00-00 00:00:00'),
(137, 22, 14, 11, '', 1, 0, 0, '', '0000-00-00 00:00:00', '0000-00-00 00:00:00'),
(138, 22, 14, 12, '', 1, 1, 0, '', '0000-00-00 00:00:00', '0000-00-00 00:00:00'),
(139, 23, 14, 1, '', 1, 0, 0, '', '0000-00-00 00:00:00', '0000-00-00 00:00:00'),
(140, 23, 14, 2, '', 0, 1, 0, '', '0000-00-00 00:00:00', '0000-00-00 00:00:00'),
(141, 23, 14, 3, '', 1, 1, 0, '', '0000-00-00 00:00:00', '0000-00-00 00:00:00'),
(142, 23, 14, 4, '', 0, 0, 1, '', '0000-00-00 00:00:00', '0000-00-00 00:00:00'),
(143, 23, 14, 5, '', 1, 0, 0, '', '0000-00-00 00:00:00', '0000-00-00 00:00:00'),
(144, 23, 14, 6, '', 1, 1, 0, '', '0000-00-00 00:00:00', '0000-00-00 00:00:00'),
(145, 23, 14, 7, '', 1, 1, 0, '', '0000-00-00 00:00:00', '0000-00-00 00:00:00'),
(146, 23, 14, 8, '', 1, 0, 1, '', '0000-00-00 00:00:00', '0000-00-00 00:00:00'),
(147, 23, 14, 9, '', 1, 0, 0, '', '0000-00-00 00:00:00', '0000-00-00 00:00:00'),
(148, 23, 14, 10, '', 0, 1, 0, '', '0000-00-00 00:00:00', '0000-00-00 00:00:00'),
(149, 23, 14, 11, '', 1, 0, 0, '', '0000-00-00 00:00:00', '0000-00-00 00:00:00'),
(150, 23, 14, 12, '', 1, 1, 0, '', '0000-00-00 00:00:00', '0000-00-00 00:00:00'),
(151, 24, 14, 1, 'Scenario 1', 1, 0, 0, '', '0000-00-00 00:00:00', '2016-01-12 06:36:15'),
(152, 24, 14, 2, 'Scenario 2', 0, 1, 0, '', '0000-00-00 00:00:00', '2016-01-12 06:36:27'),
(153, 24, 14, 3, '', 1, 1, 0, '', '0000-00-00 00:00:00', '0000-00-00 00:00:00'),
(154, 24, 14, 4, '', 0, 0, 1, '', '0000-00-00 00:00:00', '0000-00-00 00:00:00'),
(155, 24, 14, 5, '', 1, 0, 0, '', '0000-00-00 00:00:00', '0000-00-00 00:00:00'),
(156, 24, 14, 6, '', 1, 1, 0, '', '0000-00-00 00:00:00', '0000-00-00 00:00:00'),
(157, 24, 14, 7, '', 1, 1, 0, '', '0000-00-00 00:00:00', '0000-00-00 00:00:00'),
(158, 24, 14, 8, '', 1, 0, 1, 'Since this is of no use, this context and conflict can be ignored!', '0000-00-00 00:00:00', '2016-01-12 06:38:29'),
(159, 24, 14, 9, '', 1, 0, 0, '', '0000-00-00 00:00:00', '0000-00-00 00:00:00'),
(160, 24, 14, 10, '', 0, 1, 0, '', '0000-00-00 00:00:00', '0000-00-00 00:00:00'),
(161, 24, 14, 11, '', 1, 0, 0, '', '0000-00-00 00:00:00', '0000-00-00 00:00:00'),
(162, 24, 14, 12, '', 1, 1, 0, '', '0000-00-00 00:00:00', '0000-00-00 00:00:00'),
(175, 26, 14, 1, '', 1, 0, 0, '', '0000-00-00 00:00:00', '0000-00-00 00:00:00'),
(176, 26, 14, 2, '', 0, 1, 0, '', '0000-00-00 00:00:00', '0000-00-00 00:00:00'),
(177, 26, 14, 3, '', 1, 1, 0, '', '0000-00-00 00:00:00', '0000-00-00 00:00:00'),
(178, 26, 14, 4, '', 0, 0, 1, '', '0000-00-00 00:00:00', '0000-00-00 00:00:00'),
(179, 26, 14, 5, '', 1, 0, 0, '', '0000-00-00 00:00:00', '0000-00-00 00:00:00'),
(180, 26, 14, 6, '', 1, 1, 0, '', '0000-00-00 00:00:00', '0000-00-00 00:00:00'),
(181, 26, 14, 7, '', 1, 1, 0, '', '0000-00-00 00:00:00', '0000-00-00 00:00:00'),
(182, 26, 14, 8, '', 1, 0, 1, '', '0000-00-00 00:00:00', '0000-00-00 00:00:00'),
(183, 26, 14, 9, '', 1, 0, 0, '', '0000-00-00 00:00:00', '0000-00-00 00:00:00'),
(184, 26, 14, 10, '', 0, 1, 0, '', '0000-00-00 00:00:00', '0000-00-00 00:00:00'),
(185, 26, 14, 11, '', 1, 0, 0, '', '0000-00-00 00:00:00', '0000-00-00 00:00:00'),
(186, 26, 14, 12, '', 1, 1, 0, '', '0000-00-00 00:00:00', '0000-00-00 00:00:00'),
(187, 27, 14, 1, '', 1, 0, 0, '', '0000-00-00 00:00:00', '0000-00-00 00:00:00'),
(188, 27, 14, 2, '', 0, 1, 0, '', '0000-00-00 00:00:00', '0000-00-00 00:00:00'),
(189, 27, 14, 3, '', 1, 1, 0, '', '0000-00-00 00:00:00', '0000-00-00 00:00:00'),
(190, 27, 14, 4, '', 0, 0, 1, 'Since there is a conflict, new requirement can be added to resolve this issue!', '0000-00-00 00:00:00', '2016-01-16 17:30:47'),
(191, 27, 14, 5, '', 1, 0, 0, '', '0000-00-00 00:00:00', '0000-00-00 00:00:00'),
(192, 27, 14, 6, '', 1, 1, 0, '', '0000-00-00 00:00:00', '0000-00-00 00:00:00'),
(193, 27, 14, 7, '', 1, 1, 0, '', '0000-00-00 00:00:00', '0000-00-00 00:00:00'),
(194, 27, 14, 8, '', 1, 0, 1, '', '0000-00-00 00:00:00', '0000-00-00 00:00:00'),
(195, 27, 14, 9, '', 1, 0, 0, '', '0000-00-00 00:00:00', '0000-00-00 00:00:00'),
(196, 27, 14, 10, '', 0, 1, 0, '', '0000-00-00 00:00:00', '0000-00-00 00:00:00'),
(197, 27, 14, 11, '', 1, 0, 0, '', '0000-00-00 00:00:00', '0000-00-00 00:00:00'),
(198, 27, 14, 12, '', 1, 1, 0, '', '0000-00-00 00:00:00', '0000-00-00 00:00:00'),
(199, 28, 14, 1, '', 1, 0, 0, '', '0000-00-00 00:00:00', '0000-00-00 00:00:00'),
(200, 28, 14, 2, '', 0, 1, 0, '', '0000-00-00 00:00:00', '0000-00-00 00:00:00'),
(201, 28, 14, 3, '', 1, 1, 0, '', '0000-00-00 00:00:00', '0000-00-00 00:00:00'),
(202, 28, 14, 4, '', 0, 0, 1, '', '0000-00-00 00:00:00', '0000-00-00 00:00:00'),
(203, 28, 14, 5, '', 1, 0, 0, '', '0000-00-00 00:00:00', '0000-00-00 00:00:00'),
(204, 28, 14, 6, '', 1, 1, 0, '', '0000-00-00 00:00:00', '0000-00-00 00:00:00'),
(205, 28, 14, 7, '', 1, 1, 0, '', '0000-00-00 00:00:00', '0000-00-00 00:00:00'),
(206, 28, 14, 8, '', 1, 0, 1, '', '0000-00-00 00:00:00', '0000-00-00 00:00:00'),
(207, 28, 14, 9, '', 1, 0, 0, '', '0000-00-00 00:00:00', '0000-00-00 00:00:00'),
(208, 28, 14, 10, '', 0, 1, 0, '', '0000-00-00 00:00:00', '0000-00-00 00:00:00'),
(209, 28, 14, 11, '', 1, 0, 0, '', '0000-00-00 00:00:00', '0000-00-00 00:00:00'),
(210, 28, 14, 12, '', 1, 1, 0, '', '0000-00-00 00:00:00', '0000-00-00 00:00:00'),
(211, 29, 14, 1, '', 1, 0, 0, '', '0000-00-00 00:00:00', '0000-00-00 00:00:00'),
(212, 29, 14, 2, '', 0, 1, 0, '', '0000-00-00 00:00:00', '0000-00-00 00:00:00'),
(213, 29, 14, 3, '', 1, 1, 0, '', '0000-00-00 00:00:00', '0000-00-00 00:00:00'),
(214, 29, 14, 4, '', 0, 0, 1, '', '0000-00-00 00:00:00', '0000-00-00 00:00:00'),
(215, 29, 14, 5, '', 1, 0, 0, '', '0000-00-00 00:00:00', '0000-00-00 00:00:00'),
(216, 29, 14, 6, '', 1, 1, 0, '', '0000-00-00 00:00:00', '0000-00-00 00:00:00'),
(217, 29, 14, 7, '', 1, 1, 0, '', '0000-00-00 00:00:00', '0000-00-00 00:00:00'),
(218, 29, 14, 8, '', 1, 0, 1, '', '0000-00-00 00:00:00', '0000-00-00 00:00:00'),
(219, 29, 14, 9, '', 1, 0, 0, '', '0000-00-00 00:00:00', '0000-00-00 00:00:00'),
(220, 29, 14, 10, '', 0, 1, 0, '', '0000-00-00 00:00:00', '0000-00-00 00:00:00'),
(221, 29, 14, 11, '', 1, 0, 0, '', '0000-00-00 00:00:00', '0000-00-00 00:00:00'),
(222, 29, 14, 12, '', 1, 1, 0, '', '0000-00-00 00:00:00', '0000-00-00 00:00:00'),
(223, 30, 14, 1, '', 1, 0, 0, '', '0000-00-00 00:00:00', '0000-00-00 00:00:00'),
(224, 30, 14, 2, '', 0, 1, 0, '', '0000-00-00 00:00:00', '0000-00-00 00:00:00'),
(225, 30, 14, 3, '', 1, 1, 0, '', '0000-00-00 00:00:00', '0000-00-00 00:00:00'),
(226, 30, 14, 4, '', 0, 0, 1, '', '0000-00-00 00:00:00', '0000-00-00 00:00:00'),
(227, 30, 14, 5, '', 1, 0, 0, '', '0000-00-00 00:00:00', '0000-00-00 00:00:00'),
(228, 30, 14, 6, '', 1, 1, 0, '', '0000-00-00 00:00:00', '0000-00-00 00:00:00'),
(229, 30, 14, 7, '', 1, 1, 0, '', '0000-00-00 00:00:00', '0000-00-00 00:00:00'),
(230, 30, 14, 8, '', 1, 0, 1, '', '0000-00-00 00:00:00', '0000-00-00 00:00:00'),
(231, 30, 14, 9, '', 1, 0, 0, '', '0000-00-00 00:00:00', '0000-00-00 00:00:00'),
(232, 30, 14, 10, '', 0, 1, 0, '', '0000-00-00 00:00:00', '0000-00-00 00:00:00'),
(233, 30, 14, 11, '', 1, 0, 0, '', '0000-00-00 00:00:00', '0000-00-00 00:00:00'),
(234, 30, 14, 12, '', 1, 1, 0, '', '0000-00-00 00:00:00', '0000-00-00 00:00:00'),
(235, 31, 14, 1, '', 1, 0, 0, '', '0000-00-00 00:00:00', '0000-00-00 00:00:00'),
(236, 31, 14, 2, '', 0, 1, 0, '', '0000-00-00 00:00:00', '0000-00-00 00:00:00'),
(237, 31, 14, 3, '', 1, 1, 0, '', '0000-00-00 00:00:00', '0000-00-00 00:00:00'),
(238, 31, 14, 4, '', 0, 0, 1, '', '0000-00-00 00:00:00', '0000-00-00 00:00:00'),
(239, 31, 14, 5, '', 1, 0, 0, '', '0000-00-00 00:00:00', '0000-00-00 00:00:00'),
(240, 31, 14, 6, '', 1, 1, 0, '', '0000-00-00 00:00:00', '0000-00-00 00:00:00'),
(241, 31, 14, 7, '', 1, 1, 0, '', '0000-00-00 00:00:00', '0000-00-00 00:00:00'),
(242, 31, 14, 8, '', 1, 0, 1, 'It should be accompanying', '0000-00-00 00:00:00', '2016-01-20 13:06:40'),
(243, 31, 14, 9, '', 1, 0, 0, 'uytr', '0000-00-00 00:00:00', '2016-01-25 08:30:13'),
(244, 31, 14, 10, '', 0, 1, 0, '', '0000-00-00 00:00:00', '0000-00-00 00:00:00'),
(245, 31, 14, 11, '', 1, 0, 0, '', '0000-00-00 00:00:00', '0000-00-00 00:00:00'),
(246, 31, 14, 12, '', 1, 1, 0, '', '0000-00-00 00:00:00', '0000-00-00 00:00:00');

-- --------------------------------------------------------

--
-- Table structure for table `migrations`
--

CREATE TABLE IF NOT EXISTS `migrations` (
  `migration` varchar(255) COLLATE utf8_unicode_ci NOT NULL,
  `batch` int(11) NOT NULL
) ENGINE=InnoDB DEFAULT CHARSET=utf8 COLLATE=utf8_unicode_ci;

--
-- Dumping data for table `migrations`
--

INSERT INTO `migrations` (`migration`, `batch`) VALUES
('2014_10_12_000000_create_users_table', 1),
('2014_10_12_100000_create_password_resets_table', 1),
('2015_09_28_203657_create_projects_table', 2),
('2015_09_28_204052_add_role_to_users_table', 2),
('2015_10_17_114135_add_is_active_to_users_table', 3),
('2015_11_01_225344_create_requirements_table', 4),
('2015_11_02_125300_add_foreign_key_in_project_id_to_requirements_table', 5),
('2015_11_02_135538_add_project_members_to_projects', 6),
('2015_11_12_100612_add_status_to_projects', 7),
('2015_11_12_113405_create_context_scenario_ideal_way_table', 8),
('2015_11_12_115715_create_context_scenario_ideal_way_table', 9),
('2015_11_12_115839_create_context_scenario_user_app_interaction_table', 10),
('2015_12_19_204409_create_context_ratings_table', 11),
('2015_12_28_203219_add_interacton_to_requirements', 12),
('2016_01_02_211706_create_ways_of_interaction_voting_table', 13);

-- --------------------------------------------------------

--
-- Table structure for table `password_resets`
--

CREATE TABLE IF NOT EXISTS `password_resets` (
  `email` varchar(255) COLLATE utf8_unicode_ci NOT NULL,
  `token` varchar(255) COLLATE utf8_unicode_ci NOT NULL,
  `created_at` timestamp NOT NULL DEFAULT '0000-00-00 00:00:00',
  KEY `password_resets_email_index` (`email`),
  KEY `password_resets_token_index` (`token`)
) ENGINE=InnoDB DEFAULT CHARSET=utf8 COLLATE=utf8_unicode_ci;

--
-- Dumping data for table `password_resets`
--

INSERT INTO `password_resets` (`email`, `token`, `created_at`) VALUES
('biswa.upreti@gmail.com', '4d1af90f6785d54f115b7f7a47626d7feda43032c27e656bb87d2f8d3e163f84', '2016-01-06 16:53:07');

-- --------------------------------------------------------

--
-- Table structure for table `projects`
--

CREATE TABLE IF NOT EXISTS `projects` (
  `id` int(10) unsigned NOT NULL AUTO_INCREMENT,
  `title` varchar(255) COLLATE utf8_unicode_ci NOT NULL,
  `description` text COLLATE utf8_unicode_ci NOT NULL,
  `project_owner` int(11) NOT NULL,
  `created_at` timestamp NOT NULL DEFAULT '0000-00-00 00:00:00',
  `updated_at` timestamp NOT NULL DEFAULT '0000-00-00 00:00:00',
  `project_members` varchar(255) COLLATE utf8_unicode_ci NOT NULL,
  `status` tinyint(1) NOT NULL DEFAULT '1',
  PRIMARY KEY (`id`)
) ENGINE=InnoDB  DEFAULT CHARSET=utf8 COLLATE=utf8_unicode_ci AUTO_INCREMENT=15 ;

--
-- Dumping data for table `projects`
--

INSERT INTO `projects` (`id`, `title`, `description`, `project_owner`, `created_at`, `updated_at`, `project_members`, `status`) VALUES
(11, 'Spotify Player', 'Spotify is a Swedish commercial music streaming, podcast and video service that provides digital rights management-protected content from record labels and media companies. It is available in most of the Americas, Western Europe and Oceania. Music can be browsed or searched by artist, album, genre, playlist, or record label.\r\nSpotify operates under a freemium business model, with two music streaming tiers: Spotify Free (160kbit/s) and Spotify Premium (up to 320kbit/s). Paid Premium subscriptions (price varies worldwide, but is US$9.99 per month in the United States) remove advertisements, improve audio quality and allow users to download music for offline listening.', 1, '2016-01-06 17:11:02', '2016-01-06 17:55:16', '12,11,13', 0),
(12, 'Fiverr', 'Fiverr is a global online marketplace offering tasks and services, beginning at a cost of $5 per job performed, from which it gets its name. The site is primarily used by freelancers who use Fiverr to offer services to customers worldwide. Currently, Fiverr lists more than three million services on the site that range between $5 and $500.', 14, '2016-01-07 06:26:15', '2016-01-20 13:05:11', '12,11,15,18,20,13,19', 0),
(13, 'Test project', 'test', 11, '2016-01-11 14:32:41', '2016-01-11 14:32:41', '12,11,15', 1),
(14, 'Screencastify', 'Screencastify, helps you record videos on your browser tab.', 14, '2016-01-12 06:34:37', '2016-01-12 06:36:56', '12,11,15', 0);

-- --------------------------------------------------------

--
-- Table structure for table `requirements`
--

CREATE TABLE IF NOT EXISTS `requirements` (
  `id` int(10) unsigned NOT NULL AUTO_INCREMENT,
  `title` varchar(255) COLLATE utf8_unicode_ci NOT NULL,
  `description` text COLLATE utf8_unicode_ci NOT NULL,
  `project_id` int(10) unsigned NOT NULL,
  `created_at` timestamp NOT NULL DEFAULT '0000-00-00 00:00:00',
  `updated_at` timestamp NOT NULL DEFAULT '0000-00-00 00:00:00',
  `user_id` int(10) unsigned NOT NULL,
  `accompanying` tinyint(1) NOT NULL,
  `intermittent` tinyint(1) NOT NULL,
  `interrupting` tinyint(1) NOT NULL,
  PRIMARY KEY (`id`),
  KEY `requirements_project_id_foreign` (`project_id`)
) ENGINE=InnoDB  DEFAULT CHARSET=utf8 COLLATE=utf8_unicode_ci AUTO_INCREMENT=32 ;

--
-- Dumping data for table `requirements`
--

INSERT INTO `requirements` (`id`, `title`, `description`, `project_id`, `created_at`, `updated_at`, `user_id`, `accompanying`, `intermittent`, `interrupting`) VALUES
(16, 'Save music to your own playlist', 'As a user I should be able to add songs to my own playlist, remove songs from playlist, manage songs ordering in the playlist', 11, '2016-01-06 17:47:49', '2016-01-06 17:47:49', 1, 1, 1, 0),
(17, 'Posting a Job', 'As an employer, I should be able to post a job so that other seekers can apply on that job', 12, '2016-01-07 06:43:29', '2016-01-17 09:37:27', 14, 0, 1, 1),
(18, 'Accepting a Seeker', 'As an employer , I should be able to view all the seekers so that I can compare them and chose one for the job.', 12, '2016-01-07 06:44:41', '2016-01-17 09:37:15', 14, 0, 0, 1),
(19, 'Messaging a seeker', 'As an employer , i should be able to chat with a seeker so that I can negotiate with him about the prices and working hours.', 12, '2016-01-07 06:45:37', '2016-01-17 09:36:57', 14, 0, 1, 0),
(20, 'Placing an order ', 'As an employer, I should be able to place the order for using the services of a seeker. \r\nImpleentation: Payment gateway should be implemented. ', 12, '2016-01-07 06:46:46', '2016-01-17 09:38:32', 14, 0, 1, 1),
(21, 'Completing an order ', 'As an employer, I should be able to complete an order when the seeker has finished my job. ', 12, '2016-01-07 07:04:20', '2016-01-07 07:04:20', 14, 0, 0, 0),
(22, 'Creating a Gig', 'As a seeker, I should be able to post a gig so that I can showcase my skills and get optimum price for it', 12, '2016-01-07 07:05:17', '2016-01-17 09:36:39', 14, 0, 0, 1),
(23, 'Accepting an order', 'As a seeker, I should be able to accept an order from an employer', 12, '2016-01-07 07:15:37', '2016-01-17 09:36:29', 14, 0, 1, 0),
(24, 'As a user I should be able to resize the video size before recording', 'As a user I should be able to resize the video size before recording', 14, '2016-01-12 06:35:24', '2016-01-12 06:35:24', 14, 1, 1, 0),
(26, 'test req', 'test', 13, '2016-01-16 12:31:01', '2016-01-16 12:31:01', 14, 0, 1, 0),
(27, 'As a administrator I should be able to disable freelancers account.', 'As a administrator I should be able to disable freelancers account.', 12, '2016-01-16 17:28:44', '2016-01-16 17:28:44', 14, 1, 0, 0),
(28, 'Chat with clients', 'This feature allows to chat with clients on the progress of project', 12, '2016-01-17 09:35:26', '2016-01-17 09:35:26', 14, 0, 0, 1),
(29, 'Notify new jobs', 'To notify to seeks when a new job is posted by employer by sending email and text message. ', 12, '2016-01-17 09:40:21', '2016-01-17 09:40:21', 14, 1, 1, 0),
(30, 'Attend a video conference ', 'A video conference to discuss with clients about a project. ', 12, '2016-01-17 09:57:23', '2016-01-17 09:57:23', 14, 1, 1, 0),
(31, 'uploading documents ', 'upload documents to working space to share with client', 12, '2016-01-17 09:58:33', '2016-01-17 09:58:33', 14, 0, 1, 1);

-- --------------------------------------------------------

--
-- Table structure for table `users`
--

CREATE TABLE IF NOT EXISTS `users` (
  `id` int(10) unsigned NOT NULL AUTO_INCREMENT,
  `name` varchar(255) COLLATE utf8_unicode_ci NOT NULL,
  `email` varchar(255) COLLATE utf8_unicode_ci NOT NULL,
  `password` varchar(60) COLLATE utf8_unicode_ci NOT NULL,
  `remember_token` varchar(100) COLLATE utf8_unicode_ci DEFAULT NULL,
  `created_at` timestamp NOT NULL DEFAULT '0000-00-00 00:00:00',
  `updated_at` timestamp NOT NULL DEFAULT '0000-00-00 00:00:00',
  `role` varchar(100) COLLATE utf8_unicode_ci NOT NULL,
  `is_active` tinyint(1) NOT NULL,
  PRIMARY KEY (`id`),
  UNIQUE KEY `users_email_unique` (`email`)
) ENGINE=InnoDB  DEFAULT CHARSET=utf8 COLLATE=utf8_unicode_ci AUTO_INCREMENT=21 ;

--
-- Dumping data for table `users`
--

INSERT INTO `users` (`id`, `name`, `email`, `password`, `remember_token`, `created_at`, `updated_at`, `role`, `is_active`) VALUES
(1, 'Biswa Raj Upreti', 'biswa.upreti@gmail.com', '$2y$10$fy8iTo4jtYzjv56ImzSh.eCHQpmh9fBUD4T2eUHEPIDAHIND/we5a', 'jx82hzN95UTUDQbiWDRY550lHmVcc2zYM1n7dMO3UtohuTqRUSS4PIDf1sKJ', '2015-10-07 10:08:01', '2016-01-23 13:38:28', '1', 0),
(11, 'Rahul Arora', 'arora.rahul.x@student.uta.fi', '$2y$10$VYG7QaICewKM5ocBoMUAYu.WqCrHLdhpva4sDs3.ic69IDSiqN6rC', 'ky6vb8YP2EZW3qegErY2PT5NcnUgt22TUcahPiAgoUsxifaMT1TnuiQsjahi', '2015-10-18 19:12:26', '2016-01-16 12:42:06', '2', 0),
(12, 'Biruk Habteselassie', 'habteselassie.biruk.y@student.uta.fi', '$2y$10$I/WM8dNebC2llSPCNrsP8.GVJlY6QgGSEwHUZDSqUn.nHow6h6MqC', 'R0y3Tvb9C5Q7cJVjEM76eYXK7zj9sYh6ujyHjduIQsNQriBCHoyfUBaRhpmw', '2015-10-18 20:13:33', '2016-01-23 13:38:46', '2', 0),
(13, 'Yi Zhou', 'weixihexi@gmail.com', '$2y$10$rIQSQfwrmBib5XSbrl9Mie4ATAzMscLfpxlmCjuvNcu/T04rsunsK', 'HIju5pyd4mwMSCVWocFy4IhFoY6u2JFY1yMQepx9u1Xpoigq9LKQCPKWEXsN', '2015-10-18 20:15:49', '2015-11-12 08:30:57', '3', 0),
(14, 'Administrator', 'admin@mobreq.com', '$2y$10$rdG0rcCkHOumVaP4obcnfuRNitDE4c0jYWbAW2JQp79k4aFV2Etkm', 'TxNNAToJVXIeIZfT9Rssyq1InB6OLveZzM9U9ZvO2KH8hvXXE2SQJIMYaOi6', '2015-11-28 21:13:04', '2016-01-25 04:16:22', '1', 0),
(15, 'test Man', 'test@spamfinity.com', '$2y$10$ksM6uEcC5G7AXE9l2kFkpe0XiQ84uw.x8ZD.PVm96zuXCpQ5B0/UC', '9U7igA5Nw2sQM7LynQ1pNvsCB47TdqjEaIIpEl6KR66ZQddE3hVfJMb5j53k', '2016-01-07 07:16:43', '2016-01-07 07:17:09', '3', 0),
(16, 'User ABC', 'abc@user.com', '$2y$10$FblzKCMNepi0eghE075./.G6Sn53X13MMLujilO1wfgN2OakUn3va', NULL, '2016-01-12 06:33:04', '2016-01-12 06:33:04', '2', 0),
(17, 'Spam Man', 'ram@spamfinity.com', '$2y$10$PR/nsS3YaBuPYaJ3755MX.0iznBQQ5E1BtIVt0fM5LZmDwqt7xhq2', '2ruOqfkXlPSM4GxrX8QcpAjueKVAYoTbaQjvmaSzjMmWtSy32HnQPeiATxXL', '2016-01-16 09:44:10', '2016-01-16 10:58:18', '3', 0),
(18, 'Timo Poranen', 'Timo.T.Poranen@uta.fi', '$2y$10$y54N4nhG.2adXdCcLcfrceMODDbZExECHtVps3MCAoWkSr71NMhty', '2ux5M4VOew65Bu7yW9Pf0S3Q0xa8EEjGy1a993QWF7CbXfrMSTKUZXxXdnzA', '2016-01-16 14:23:37', '2016-01-23 06:13:33', '3', 0),
(19, 'Zheying Zhang', 'Zheying.Zhang@uta.fi', '$2y$10$PYbcj7vv3FQvSWLTy2BMmOgoKNR0cQcGzh4zOsoCVTC95SCtclH9O', 'xopK9YZMmC8LBmU7cRybxTeN3k4twtuDt6nPhDxeRG3PnfNxIYKQnHqZq86B', '2016-01-16 14:27:13', '2016-01-18 02:30:28', '3', 0),
(20, 'Xiaozhou Li', 'Li.Xiaozhou.X@student.uta.fi', '$2y$10$uU/ATpYAq0Wv5or43yKz4u4EHpkdJ2X5502ZVT7Tap4KGigRssfBa', 'D7Nd0mYFfrOQ2IprmFGMiphDyRG54qUGv2DiWQP20Tu1FFDPJYGcRW7SBHJ0', '2016-01-16 14:28:34', '2016-01-25 06:53:40', '2', 0);

-- --------------------------------------------------------

--
-- Table structure for table `ways_of_interaction_voting`
--

CREATE TABLE IF NOT EXISTS `ways_of_interaction_voting` (
  `id` int(10) unsigned NOT NULL AUTO_INCREMENT,
  `context_id` int(10) unsigned NOT NULL,
  `user_id` int(10) unsigned NOT NULL,
  `accompanying` tinyint(1) NOT NULL,
  `intermittent` tinyint(1) NOT NULL,
  `interrupting` tinyint(1) NOT NULL,
  `created_at` timestamp NOT NULL DEFAULT '0000-00-00 00:00:00',
  `updated_at` timestamp NOT NULL DEFAULT '0000-00-00 00:00:00',
  PRIMARY KEY (`id`),
  KEY `ways_of_interaction_voting_context_id_foreign` (`context_id`),
  KEY `ways_of_interaction_voting_user_id_foreign` (`user_id`)
) ENGINE=InnoDB  DEFAULT CHARSET=utf8 COLLATE=utf8_unicode_ci AUTO_INCREMENT=64 ;

--
-- Dumping data for table `ways_of_interaction_voting`
--

INSERT INTO `ways_of_interaction_voting` (`id`, `context_id`, `user_id`, `accompanying`, `intermittent`, `interrupting`, `created_at`, `updated_at`) VALUES
(15, 55, 1, 1, 0, 1, '0000-00-00 00:00:00', '2016-01-06 17:50:21'),
(16, 56, 1, 0, 1, 0, '0000-00-00 00:00:00', '0000-00-00 00:00:00'),
(17, 57, 1, 1, 1, 1, '0000-00-00 00:00:00', '2016-01-06 17:50:40'),
(18, 58, 1, 0, 0, 1, '0000-00-00 00:00:00', '0000-00-00 00:00:00'),
(19, 59, 1, 1, 1, 0, '0000-00-00 00:00:00', '2016-01-06 17:50:50'),
(20, 60, 1, 0, 1, 1, '0000-00-00 00:00:00', '2016-01-06 17:50:57'),
(21, 61, 1, 1, 1, 0, '0000-00-00 00:00:00', '2016-01-06 17:51:04'),
(22, 55, 12, 1, 1, 0, '0000-00-00 00:00:00', '2016-01-06 17:51:47'),
(23, 56, 12, 0, 1, 1, '0000-00-00 00:00:00', '2016-01-06 17:51:52'),
(24, 57, 12, 0, 1, 1, '0000-00-00 00:00:00', '2016-01-06 17:51:57'),
(25, 58, 12, 1, 1, 0, '0000-00-00 00:00:00', '2016-01-06 17:52:06'),
(26, 59, 12, 0, 1, 0, '0000-00-00 00:00:00', '0000-00-00 00:00:00'),
(27, 60, 12, 0, 0, 1, '0000-00-00 00:00:00', '0000-00-00 00:00:00'),
(28, 61, 12, 0, 0, 1, '0000-00-00 00:00:00', '0000-00-00 00:00:00'),
(29, 61, 11, 1, 0, 1, '0000-00-00 00:00:00', '2016-01-06 17:53:48'),
(30, 60, 11, 1, 1, 0, '0000-00-00 00:00:00', '2016-01-06 17:53:53'),
(31, 59, 11, 0, 0, 1, '0000-00-00 00:00:00', '0000-00-00 00:00:00'),
(32, 58, 11, 1, 1, 0, '0000-00-00 00:00:00', '2016-01-06 17:54:02'),
(33, 57, 11, 0, 0, 1, '0000-00-00 00:00:00', '0000-00-00 00:00:00'),
(34, 56, 11, 0, 1, 1, '0000-00-00 00:00:00', '2016-01-06 17:54:11'),
(35, 55, 11, 0, 1, 1, '0000-00-00 00:00:00', '2016-01-06 17:54:24'),
(36, 139, 15, 1, 0, 0, '0000-00-00 00:00:00', '2016-01-07 07:50:45'),
(37, 140, 15, 1, 0, 0, '0000-00-00 00:00:00', '0000-00-00 00:00:00'),
(38, 151, 14, 1, 1, 0, '0000-00-00 00:00:00', '2016-01-12 06:35:44'),
(39, 152, 14, 0, 1, 1, '0000-00-00 00:00:00', '2016-01-12 06:35:46'),
(40, 139, 14, 1, 0, 0, '0000-00-00 00:00:00', '2016-01-16 14:29:27'),
(41, 140, 14, 0, 0, 0, '0000-00-00 00:00:00', '2016-01-16 14:30:50'),
(42, 141, 14, 1, 1, 0, '0000-00-00 00:00:00', '2016-01-16 14:29:35'),
(47, 127, 14, 0, 0, 0, '0000-00-00 00:00:00', '2016-01-16 14:29:42'),
(48, 175, 14, 0, 0, 0, '0000-00-00 00:00:00', '2016-01-16 14:29:53'),
(49, 187, 14, 0, 1, 0, '0000-00-00 00:00:00', '0000-00-00 00:00:00'),
(50, 188, 14, 0, 0, 1, '0000-00-00 00:00:00', '0000-00-00 00:00:00'),
(51, 189, 14, 1, 0, 0, '0000-00-00 00:00:00', '0000-00-00 00:00:00'),
(52, 190, 14, 0, 1, 0, '0000-00-00 00:00:00', '0000-00-00 00:00:00'),
(53, 191, 14, 1, 1, 0, '0000-00-00 00:00:00', '2016-01-16 17:29:23'),
(54, 235, 19, 0, 0, 1, '0000-00-00 00:00:00', '2016-01-18 02:24:05'),
(55, 236, 19, 1, 1, 0, '0000-00-00 00:00:00', '2016-01-18 02:24:46'),
(56, 237, 19, 1, 0, 0, '0000-00-00 00:00:00', '0000-00-00 00:00:00'),
(57, 238, 19, 0, 1, 1, '0000-00-00 00:00:00', '2016-01-18 02:26:04'),
(58, 235, 12, 0, 1, 0, '0000-00-00 00:00:00', '0000-00-00 00:00:00'),
(59, 236, 12, 1, 0, 0, '0000-00-00 00:00:00', '0000-00-00 00:00:00'),
(60, 237, 12, 0, 1, 0, '0000-00-00 00:00:00', '0000-00-00 00:00:00'),
(61, 238, 12, 0, 1, 0, '0000-00-00 00:00:00', '0000-00-00 00:00:00'),
(62, 236, 14, 0, 1, 0, '0000-00-00 00:00:00', '0000-00-00 00:00:00'),
(63, 235, 14, 0, 1, 1, '0000-00-00 00:00:00', '2016-01-20 13:04:57');

--
-- Constraints for dumped tables
--

--
-- Constraints for table `context_ratings`
--
ALTER TABLE `context_ratings`
  ADD CONSTRAINT `context_ratings_context_id_foreign` FOREIGN KEY (`context_id`) REFERENCES `context_scenario_user_app_interaction` (`id`) ON DELETE CASCADE,
  ADD CONSTRAINT `context_ratings_user_id_foreign` FOREIGN KEY (`user_id`) REFERENCES `users` (`id`) ON DELETE CASCADE;

--
-- Constraints for table `context_scenario_user_app_interaction`
--
ALTER TABLE `context_scenario_user_app_interaction`
  ADD CONSTRAINT `context_scenario_user_app_interaction_context_id_foreign` FOREIGN KEY (`context_id`) REFERENCES `context_scenario_ideal_way` (`id`) ON DELETE CASCADE,
  ADD CONSTRAINT `context_scenario_user_app_interaction_requirement_id_foreign` FOREIGN KEY (`requirement_id`) REFERENCES `requirements` (`id`) ON DELETE CASCADE,
  ADD CONSTRAINT `context_scenario_user_app_interaction_user_id_foreign` FOREIGN KEY (`user_id`) REFERENCES `users` (`id`) ON DELETE CASCADE;

--
-- Constraints for table `requirements`
--
ALTER TABLE `requirements`
  ADD CONSTRAINT `requirements_project_id_foreign` FOREIGN KEY (`project_id`) REFERENCES `projects` (`id`) ON DELETE CASCADE;

--
-- Constraints for table `ways_of_interaction_voting`
--
ALTER TABLE `ways_of_interaction_voting`
  ADD CONSTRAINT `ways_of_interaction_voting_context_id_foreign` FOREIGN KEY (`context_id`) REFERENCES `context_scenario_user_app_interaction` (`id`) ON DELETE CASCADE,
  ADD CONSTRAINT `ways_of_interaction_voting_user_id_foreign` FOREIGN KEY (`user_id`) REFERENCES `users` (`id`) ON DELETE CASCADE;

/*!40101 SET CHARACTER_SET_CLIENT=@OLD_CHARACTER_SET_CLIENT */;
/*!40101 SET CHARACTER_SET_RESULTS=@OLD_CHARACTER_SET_RESULTS */;
/*!40101 SET COLLATION_CONNECTION=@OLD_COLLATION_CONNECTION */;
